(特に思い当たらず),
LIPPSのメンバー,速水奏_一ノ瀬志希_宮本フレデリカ_塩見周子_城ヶ崎美嘉
LMBGの子達_白坂小梅_松永涼_椎名法子_関裕美_桐生つかさ_黒川千秋_木場真奈美,白坂小梅_松永涼_椎名法子_関裕美_桐生つかさ_黒川千秋_木場真奈美
LiPPS,速水奏_一ノ瀬志希_宮本フレデリカ_塩見周子_城ヶ崎美嘉
LiPPS最高だな！,速水奏_一ノ瀬志希_宮本フレデリカ_塩見周子_城ヶ崎美嘉
Lips系,速水奏_一ノ瀬志希_宮本フレデリカ_塩見周子_城ヶ崎美嘉
PCS,島村卯月_小日向美穂_五十嵐響子
SMAP_中居,
U-149組,
U15アイドル,
①城ヶ崎美嘉_②乙倉悠貴_③八神マキノ_④渋谷凛_⑤三船美優,城ヶ崎美嘉_乙倉悠貴_八神マキノ_渋谷凛_三船美優
あさくらもも,
あまみやそら,
橘ありす_かおる_赤城みりあ,橘ありす_龍崎薫_赤城みりあ
いない,
いません,
うさみん,安部菜々
うずりん,島村卯月_渋谷凛
うっさいぼけ,
うづき,島村卯月
うるさいボケ,
おおつき,大槻唯
おおつきゆい,大槻唯
おら…童貞だしよくわからねぇだ,
こっひ,小日向美穂
さえはん,小早川紗枝
さぎさわふみか,鷺沢文香
しきにゃん,一ノ瀬志希
しきにゃん_高垣楓,一ノ瀬志希_高垣楓
しきにゃん_五十嵐響子,一ノ瀬志希_五十嵐響子
しの,柊志乃
しぶや,渋谷凛
しぶりん,渋谷凛
しぶりん(迫真),渋谷凛
しぶりん_城ヶ崎美嘉,渋谷凛_城ヶ崎美嘉
しまむー,島村卯月
しまむー_しぶりん_ちゃんみお,島村卯月_渋谷凛_本田未央
しまむー_ゆっき,島村卯月_姫川友紀
しゅがは,佐藤心
しらん,
そういう目で見ません,
そら蘭子よ,神崎蘭子
そんなものはない,
たかはし智秋,
ちえり,緒方智絵里
ちなったん(相川千夏),相川千夏
ちゃま,櫻井桃華
ちゃんみお,本田未央
ちゃんみおorみく,本田未央_前川みく
とくになし,
とても偏見ではありますが大人組かと…,
ととき,十時愛梨
とときあいり,十時愛梨
とときん,十時愛梨
どうだろう,
なし,
なたーりあ,ナターリア
なつきち,木村夏樹
ふじもとりな,藤本里奈
ふみか,鷺沢文香
ふみふみ,鷺沢文香
まず年少組,
みかねぇ,城ヶ崎美嘉
みくにゃん,前川みく
みずきせいら,水木聖來
みなみ,新田美波
みんな違ってみんなクソエロ,
ゆきみ,佐城雪美
よくわからねぇだ,
よしのん,依田芳乃
りーな,多田李衣菜
わからない,
わからりません,
わからん,
わかりません,
わかんねえ,
アイドルの前では誰もがチェリーボーイみたいなもんではないですかね,
アイドルをそのようには見たくない,
アイドルを性的な目で見るのはよくない,
アイドルを性的に見た事がない,
アイドル全員,
アーニャ,アナスタシア
アーニャ_鷺沢文香,ナスタシア_鷺沢文香
ウサミン,安部菜々
キュートキャラ全般,
キュート属性_クール属性,
クールキャラ全般,
シンデレラプロジェクト担当P,
ジュニー(),
ジュニー(),
ジュリア,
セクシーギルティの28歳の人,片桐早苗
デレ限定なら諸星きらり_アイマス全体なら秋月律子,諸星きらり
トラプリの3人,渋谷凛_北条加蓮_神谷奈緒
ナスタシア_鷺沢文香,アナスタシア_鷺沢文香
ノア,高峯のあ
ノーコメント,
パッションのアイドル,
パッション属性,
ピンクチェックスクール,島村卯月_小日向美穂_五十嵐響子
フミカ,鷺沢文香
ミナミィ,新田美波
ミナミィ,新田美波
メアリーコクラン,メアリー・コクラン
ユッキ,姫川友紀
リップスのメンバー,速水奏_一ノ瀬志希_宮本フレデリカ_塩見周子_城ヶ崎美嘉
リュ,
リュ,
リュ_ヘナ,
リュ・ヘナ(),
リュ_ヘナ(),
リュ_ヘナ(),
ルキトレ,ルーキートレーナー
ロリ系,
ンミナミィ,新田美波
ンミナミィ,新田美波
ンミナミィ……,新田美波
ンミナミィ……,新田美波
一ノ瀬志紀,一ノ瀬志希
一之瀬志希,一ノ瀬志希
一之瀬志紀,一ノ瀬志希
一時期童貞を殺す服とか流行ってた時期ありますけど_普通に非童貞の自分や周りにもぶっ刺さってましたし_そういうの関係ないと思うんすよね(早口オタク),
七尾百合子,
三村かなこ,三村かな子
三村かなこ_高森藍子_相葉夕美,三村かな子_高森藍子_相葉夕美
三船みゆ,三船美優
三船美佳,三船美優
三船美優？(あまり自信はない),三船美優
上げるとキリがありませんが個人的属性別トップは佐久間まゆ_鷺沢文香_大槻唯,佐久間まゆ_鷺沢文香_大槻唯
上原亜衣,
上条春菜(一見そう見えないのも良い),上条春菜
上条春菜_涼宮星花(願望)_佐城雪美(願望),上条春菜_涼宮星花_佐城雪美
不明,
中井,
中居,
中谷育,
主にCo系の印象,
今井加奈_(ぼくもすき),今井加奈
伊吹翼,
伴田路子,
佐竹美奈子,
佐藤心は最高の女だと思いますが_自分と性的にどうこうというのは全く思いません,佐藤心
全員,
全員_誰かしらが応援してるから出番があるんでしょ,
全員にそのポテンシャルはあるとは思います,
全員満遍なく好きそう,
八宮めぐる,
兵藤レナや柳清良など成人越えてる子たち,兵藤レナ_柳清良
分からない,
勿論ふみふみ,鷺沢文香
包容力あるキャラ,
北上麗花,
北沢志保,
北澤文香,
北見柚子,喜多見柚
十時愛梨_きょこたん,十時愛梨_五十嵐響子
十時愛梨と新田美波,十時愛梨_新田美波
十時愛理,十時愛梨
十時愛理_鷺沢文香,十時愛梨_鷺沢文香
千川ちひろ,
島村卯月_城ヶ崎美嘉_緒方智絵里_アーニャ_高垣楓,島村卯月_城ヶ崎美嘉_緒方智絵里_アナスタシア_高垣楓
原美世,原田美世
同上,
向井拓海_(ヤンキー系の強い姉,向井拓海
周りでは一ノ瀬志希や緒方智絵里が人気だった,
回答しかねます,
城々崎美嘉,城ヶ崎美嘉
城ケ崎美嘉,城ヶ崎美嘉
城ケ崎莉嘉,城ヶ崎莉嘉
城ヶ崎ミカ,城ヶ崎美嘉
塩見周子_一ノ瀬志貴,塩見周子_一ノ瀬志希
声付Coアイドル,
多すぎてわからない,
多すぎて答えられない,
大人すぎなければみんな大人気では？,
大人組,
大和亜希,大和亜季
大崎甜花,
大槻ゆい,大槻唯
大槻唯_L.M.B.Gに多数,大槻唯
大槻唯_所恵美_鷺沢文香,大槻唯_鷺沢文香
大槻唯_桜守歌織,大槻唯
大神環,
天空橋朋花,
姉ヶ崎,城ヶ崎美嘉
安倍菜々,安部菜々
安部奈々,安部菜々
安部菜々や佐藤心_杏やきらりとかギャップのある子かな？,安部菜々_佐藤心_双葉杏_諸星きらり
宮元フレデリカ,宮本フレデリカ
岸辺彩華,
島村卯月(あまり自信はない),島村卯月
川島瑞希,川島瑞樹
川嶋瑞樹,川島瑞樹
巨乳の子,
年少組はともかくそのような魅力はどのアイドルにもあると思うから一番は分からない,
年齢若めの子,
幽谷霧子,
強いて挙げるなら楓,高垣楓
強いて言えば川島瑞樹,川島瑞樹
御船美優,三船美優
一ノ瀬志希_持田亜里沙_しゅがは,一ノ瀬志希_持田亜里沙_佐藤心
思いつかず,
思いつかない,
思いつきません,
思い付かない,
思い付かないのでパス,
思い浮かばず,
性的な目で見たことがないから分からない,
性的な目で見ない,
性的に見たことがない,
恋鐘,
意外とロリ勢が多そう,
成人組,
所恵美,
担当・担当外問わず一番エロい/性的に魅力的だと思うアイドルは誰ですか？917_件の回答,
拗らせた童貞Pなら年少組全般のイメージ,
掘裕子,堀裕子
文子,
文香(上の名前忘れた),鷺沢文香
新田みなみ,新田美波
新田三波,新田美波
新田美波_鷲沢文香_佐藤心_姫川友紀_大槻唯_本田未央_前川みく_塩見周子_城ヶ崎美嘉_城ヶ崎莉嘉_結城晴_橘ありす_櫻井桃華,新田美波_鷺沢文香_佐藤心_姫川友紀_大槻唯_本田未央_前川みく_塩見周子_城ヶ崎美嘉_城ヶ崎莉嘉_結城晴_橘ありす_櫻井桃華
新田美波あたりかな？,新田美波
星輝子_真面目に答えると裕子,星輝子_堀裕子
春日未来,
時子さま,財前時子
普段そういう風に見ることが少ないため思いつかない,
最早そういう目で見れない_絵画や彫刻_もしくは身内に向ける感情と近い,
月岡恋鐘,
有栖川夏葉,
望月杏奈,
本田未央の身体,本田未央
本読んでる人,鷺沢文香
杏奈,
松本さりな,松本沙理奈
松本沙理菜,松本沙理奈
松本沙里奈,松本沙理奈
松本理沙,松本沙理奈
松本紗理奈,松本沙理奈
松本紗里奈,松本沙理奈
柊しの,柊志乃
柏木翼,
栗原ネネ（担当内）_今井加奈（担当外）,栗原ネネ_今井加奈
櫻井桃華_千枝など,櫻井桃華_佐々木千枝
桃華ちゃま,櫻井桃華_佐々木千枝
桑山千雪,
桜井桃華,櫻井桃華
桜守歌織,
槇原,槙原志保
様々,
横山奈緒,
橘ありす、鷺沢文香、新田美波、_大槻唯、七尾百合子、北沢志保、所恵美、水嶋咲、蒼井亨介、八宮めぐる,橘ありす_鷺沢文香_新田美波_大槻唯
気にしたことがない,
水木せーら,水木聖來
沢田マリナ,沢田麻理菜
海老原菜帆をすこれ,海老原菜帆
海老原菜穂,海老原菜帆
海老原菜緒,海老原菜帆
渋谷凜,渋谷凛
澁谷凛,渋谷凛
澤田麻理菜_水木聖來,沢田麻理菜_水木聖來
灯織,
無し,
特にいない,
特になし,
特に偏りはないと思う,
特に居ない,
特に思いつかない,
特に無い,
特に無し,
特定できない,
瑛梨華ちん,赤西瑛梨華
田中摩美々,
田中琴葉,
田中琴葉_所恵美_大槻唯_森久保乃々_鷺沢文香_望月杏奈,大槻唯_森久保乃々_鷺沢文香
白石紬,
白鷺千聖,
百瀬莉緒,
相場夕美,相葉夕美
相葉夕実,相葉夕美
相葉由美,相葉夕美
相馬なつみ,相馬夏美
眞鍋いつき,真鍋いつき
真壁瑞希,
知らない,
知らん,
知りません,
知るか,
礼,篠原礼
神崎蘭子_岡田智絵里,神崎蘭子_緒方智絵里
福原舞_櫻井桃華,福山舞_櫻井桃華
秋月涼,
竜崎薫,龍崎薫
童貞であれば年齢帯がおおよそ女子高生くらいのアイドルでは無いかと推測します,
箱崎星梨花_佐久間まゆ,佐久間まゆ
篠原礼_木場真波,篠原礼_木場真奈美
総選挙圏外のアイドル,
緒方ちえり,緒方智絵里
緒方智恵里,緒方智絵里
緒方智絵理,緒方智絵里
緖方智絵里,緒方智絵里
_方智絵里,緒方智絵里
美嘉ネェ,城ヶ崎美嘉
美城専務,
美城常務(専務),
新田美波_アーニャ,新田美波_アナスタシア
羽衣小町の二人,小早川紗枝_塩見周子
自分の趣味,
舞浜歩,
若林智香（主にワキ）,若林智香
葛之葉雨彦,
藤井朋,藤居朋
西園寺琴歌(横乳),西園寺琴歌
西島櫂くん,西島櫂
誰が一番性的かというのを考えていたらもう皆性的に見えてきた,
誰でも,
諸星きらり_島原エレナ_伊吹翼,諸星きらり
豊川風花,
豊川風華,
財前時子様,財前時子
長島光那,
関係ないと思う,
関係性は無いと思う,
非童貞のやつの気持ちなぞわかるか,
非童貞の思考がわからない,
非童貞の気持ちなぞわからない,
非童貞はデレマス関連のコンテンツに関わってないかと思います,
音無小鳥,
風見風香,
風野灯織,
馬場このみ,
高坂海美,
高垣楓_一ノ瀬志希_持田亜里砂,高垣楓_一ノ瀬志希_持田亜里沙
高垣楓_渋谷凛_鷹森藍子,高垣楓_渋谷凛_高森藍子
高山紗代子,
高校生の年代,
_垣楓,高垣楓
_橋礼子,高橋礼子
髙橋礼子,高橋礼子
髪下ろした佐藤心,佐藤心
鷲沢文香,鷺沢文香
鷲澤文香,鷺沢文香
鷹不二茄子,鷹富士茄子
鷹城恭二,
鷺さ,鷺沢文香
鷺沢ふみか,鷺沢文香
鷺沢文華,鷺沢文香
鷺沢文香_(ミリオンの百瀬莉緒),鷺沢文香
鷺沢文香、十時愛梨、橘ありす、櫻井桃華、佐々木千枝_などロリ組,鷺沢文香_十時愛梨_橘ありす_櫻井桃華_佐々木千枝
鷺沢文香_新田美波_高垣楓_安倍菜々_大槻唯,鷺沢文香_新田美波_高垣楓_安部菜々_大槻唯
鷺沢文香新田美波,鷺沢文香_新田美波
鷺澤文香,鷺沢文香
黒川千明,黒川千秋
髙垣楓,高垣楓
イヴ・サンタクロース_イヴ・サンタクロース,イヴ・サンタクロース
nan,
